INSERT INTO users(is_moderator, reg_time, name, email, password) VALUES (1, '2021-9-06', 'Роман', 'mxhx23@gmail.com', '1234'),
                                                                        (0, '2021-9-07', 'Пётр', 'mxhx1@gmail.com', '1234'),
                                                                        (0, '2021-9-07', 'Екатерина', 'mxhx2@gmail.com', '1234'),
                                                                        (0, '2021-9-07', 'Дарья', 'mxhx3@gmail.com', '1234'),
                                                                        (1, '2021-9-07', 'Даниил', 'mxhx4@gmail.com', '1234'),
                                                                        (0, '2021-9-07', 'Евгений', 'mxhx5@gmail.com', '1234'),
                                                                        (0, '2021-9-07', 'Артем', 'mxhx6@gmail.com', '1234'),
                                                                        (0, '2021-8-07', 'Анастасия', 'mxhx7@gmail.com', '1234'),
                                                                        (0, '2021-9-07', 'Фёдор', 'mxhx8@gmail.com', '1234');
INSERT INTO captcha_codes (time, code, secret_code) VALUES ('2021-12-06', 'sad1', 'dsadsad'),
                                                           ('2021-12-07', 'asdgf23', '34567gfdsaw'),
                                                           ('2021-12-07', '13sdsa', 'asd232'),
                                                           ('2021-12-07', '12easafds', 'sadad'),
                                                           ('2021-12-07', 'sad1', '34462fgaASF'),
                                                           ('2021-12-07', 'ahsd#32sasxX', 'H&13sa'),
                                                           ('2021-12-07', 'sad1sad1123s', 'ASHD35sad11dsa'),
                                                           ('2021-12-07', 'sad1ds11', 'JHGASDk113sshhasd'),
                                                           ('2021-12-07', 'sadsaasdd1', 'sadjh332');
INSERT INTO global_settings (code, name, value) VALUES ('MULTIUSER_MODE', 'Многопользовательский режим ', 'YES'),
                                                       ('POST_PREMODERATION', 'Премодерация постов ', 'YES'),
                                                       ('STATISTICS_IS_PUBLIC ', 'Показывать всем статистику блога', 'YES');
INSERT INTO posts (is_active, text, time, title, moderation_status, view_count, moderator_id, user_id) VALUES (1, 'some text 1', '2021-10-01', 'some title 1', 'ACCEPTED', 1, 1, 1),
                                                                                                              (1, 'some text 2', '2021-10-07', 'some title 2', 'ACCEPTED', 2, 5, 9),
                                                                                                              (1, 'some text 3', '2021-10-03', 'some title 3', 'ACCEPTED', 3, 5, 8),
                                                                                                              (1, 'some text 4', '2021-10-09', 'some title 4', 'ACCEPTED', 4, 5, 7),
                                                                                                              (1, 'some text 5', '2021-10-15', 'some title 5', 'ACCEPTED', 4, 1, 7),
                                                                                                              (1, 'some text 6', '2021-10-14', 'some title 6', 'ACCEPTED', 10, 5, 7),
                                                                                                              (1, 'some text 7', '2021-10-01', 'some title 7', 'ACCEPTED', 14, 5, 3),
                                                                                                              (1, 'some text 8', '2021-10-13', 'some title 8', 'ACCEPTED', 24, 1, 7),
                                                                                                              (1, 'some text 9', '2021-10-20', 'some title 9', 'ACCEPTED', 14, 5, 7),
                                                                                                              (1, 'some text 10', '2021-10-22', 'some title 10', 'ACCEPTED', 14, 5, 2),
                                                                                                              (1, 'some text 11', '2021-10-21', 'some title 11', 'ACCEPTED', 24, 5, 7),
                                                                                                              (1, 'some text 12', '2021-10-17', 'some title 12', 'ACCEPTED', 14, 5, 1),
                                                                                                              (1, 'some text 13', '2021-10-16', 'some title 13', 'ACCEPTED', 4, 5, 7),
                                                                                                              (1, 'some text 14', '2021-10-16', 'some title 14', 'ACCEPTED', 9, 5, 2);
INSERT INTO post_comments (text, time, post_id, user_id) VALUES ('some text 1', '2021-12-10', 2, 1),
                                                                ('some text 2', '2021-12-10', 2, 1),
                                                                ('some text 3', '2021-12-11', 3, 1),
                                                                ('some text 4', '2021-12-11', 3, 1),
                                                                ('some text 5', '2021-12-11', 1, 1),
                                                                ('some text 6', '2021-12-11', 3, 1),
                                                                ('some text 7', '2021-12-11', 3, 1),
                                                                ('some text 8', '2021-12-11', 3, 1),
                                                                ('some text 9', '2021-12-11', 3, 1),
                                                                ('some text 10', '2021-12-11', 3, 1),
                                                                ('some text 11', '2021-12-11', 3, 1),
                                                                ('some text 12', '2021-12-11', 3, 1),
                                                                ('some text 13', '2021-12-11', 3, 1),
                                                                ('some text 14', '2021-12-11', 3, 1),
                                                                ('some text 15', '2021-12-11', 3, 1),
                                                                ('some text 16', '2021-12-10', 2, 1);
INSERT INTO post_votes (time, value, post_id, user_id) VALUES ('2021-12-06', 1, 2, 1),
                                                              ('2021-12-06', 1, 2, 2),
                                                              ('2021-12-06', 1, 2, 7),
                                                              ('2021-12-06', 1, 2, 7),
                                                              ('2021-12-06', 1, 2, 6),
                                                              ('2021-12-06', 1, 2, 6),
                                                              ('2021-12-06', 1, 2, 6),
                                                              ('2021-12-06', 1, 2, 8),
                                                              ('2021-12-06', 1, 2, 9),
                                                              ('2021-12-06', 1, 3, 6),
                                                              ('2021-12-06', 0, 3, 4),
                                                              ('2021-12-06', 0, 3, 4),
                                                              ('2021-12-06', 0, 3, 4),
                                                              ('2021-12-06', 1, 3, 5);
INSERT INTO tags (name) VALUES ('Java'),
                               ('Spring'),
                               ('Hibernate'),
                               ('Hadoop');
INSERT INTO tag2post (post_id, tag_id) VALUES (2, 1),
                                              (2, 2),
                                              (2, 3),
                                              (2, 3),
                                              (3, 4),
                                              (3, 4),
                                              (3, 4);
